<?xml version="1.0" encoding="UTF-8"?>
<beans:beans 
       xmlns="http://www.springframework.org/schema/mvc"
   xmlns:xsi="http://www.w3.org/2001/XMLSchema-instance"
   xmlns:beans="http://www.springframework.org/schema/beans"
   xmlns:context="http://www.springframework.org/schema/context"
  xsi:schemaLocation="http://www.springframework.org/schema/mvc 
                      http://www.springframework.org/schema/mvc/spring-mvc.xsd
                      http://www.springframework.org/schema/beans 
                      http://www.springframework.org/schema/beans/spring-beans.xsd
                      http://www.springframework.org/schema/context
                      http://www.springframework.org/schema/context/spring-context.xsd">
                      

  <!-- 
    스캔한 클래스 내부의 클래스 중
    @Controller Annotation 을 가지고 있는
    클래스들이 Controller 로 동작하게 함  
  -->
  <!-- Annotation 이 가능하도록 설정하기  -->
  <annotation-driven />
  
  <!-- Scan 할 Bean 들이 모여있는 package 를 지정함 -->
  <context:component-scan base-package="com.tjoeun.spring.controller" />
   <context:component-scan base-package="com.tjoeun.spring.member.dao" />
  <context:component-scan base-package="com.tjoeun.spring.member.service" />
  
  <!-- 
    Controller 에서 return하는 문자열(경로)에
    접두사, 접미사 설정하기 
  -->
  <!-- ViewResolver : View 해석기 -->
  <beans:bean 
  class="org.springframework.web.servlet.view.InternalResourceViewResolver">
    <beans:property name="prefix" value="/WEB-INF/view/" />
    <beans:property name="suffix" value=".jsp" />
  </beans:bean>
  
  <!-- 프로젝트에서 사용하는 정적 파일 경로 설정하기 -->
  <!-- 이미지, 사운드, 동영상, js, css 등 -->
  <resources mapping="/resources/**" location="/resources/" />  

  
  <!-- properties 파일의 내용을 사용할 수 있도록 Bean을 정의한다 -->
	<beans:bean class='org.springframework.beans.factory.config.PropertyPlaceholderConfigurer'>
		<beans:property name="location">
			<beans:value>/WEB-INF/properties/db.properties</beans:value>
		</beans:property>
	</beans:bean>

<beans:bean id='basic_data_source' class='org.apache.commons.dbcp2.BasicDataSource' >
		<beans:property name='driverClassName' value='${db.classname}'/>
		<beans:property name="url" value="${db.url}"/>
		<beans:property name="username" value='${db.username}'/>
		<beans:property name="password" value='${db.password}'/>
	</beans:bean>
	
	<beans:bean id='sqlSession' class='org.mybatis.spring.SqlSessionFactoryBean' >
		<beans:property name="dataSource" ref='basic_data_source'/>
		<beans:property name="mapperLocations" value='/WEB-INF/mapper/*.xml'/>
	</beans:bean>
	
	<beans:bean id='sqlSessionTemplate' class='org.mybatis.spring.SqlSessionTemplate' >
		<beans:constructor-arg index='0' ref='sqlSession'/>
		</beans:bean>
</beans:beans>









