<?xml version='1.0' encoding='UTF-8'?> 
<!DOCTYPE mapper
    PUBLIC "-//mybatis.org//DTD Mapper 3.0//EN"
    "http://mybatis.org/dtd/mybatis-3-mapper.dtd">
                        
<mapper namespace="user">
<!--   <select id="checkUserId" parameterType="java.lang.String" resultType="java.lang.String" >
    <![CDATA[
      select user_name 
      from user_table
      where user_id = #{user_id}
    ]]>
  </select>
  <insert id="insertUserInfo" parameterType="com.tjoeun.spring.beans.UserDTO">
    <![CDATA[
      insert into user_table (user_idx,user_name,user_id,user_pw)
      values(user_seq.nextVal,#{user_name},#{user_id},#{user_pw})
    ]]>
  </insert> -->
    <select id="login_check"  resultType="com.tjoeun.spring.dto.MemberDTO" >
    <![CDATA[
        select id,pw from desktop 
      where id=#{id} and pw=#{pw}
    ]]>
  </select>
  <insert id="insertUserInfo" parameterType="com.tjoeun.spring.dto.MemberDTO">
    <![CDATA[
      insert into desktop (id,pw,name)
      values(#{id},#{pw},#{name})
    ]]>
  </insert>
</mapper>                        

